type,amount,nameOrig
PAYMENT,9839.64,C1231006815
PAYMENT,1864.28,C1666544295
TRANSFER,181,C1305486145
CASH_OUT,181,C840083671
PAYMENT,11668.14,C2048537720
PAYMENT,7817.71,C90045638
PAYMENT,7107.77,C154988899
PAYMENT,7861.64,C1912850431
PAYMENT,4024.36,C1265012928
DEBIT,5337.77,C712410124
DEBIT,9644.94,C1900366749
PAYMENT,3099.97,C249177573
PAYMENT,2560.74,C1648232591
PAYMENT,11633.76,C1716932897
PAYMENT,4098.78,C1026483832
CASH_OUT,229133.94,C905080434
PAYMENT,1563.82,C761750706
PAYMENT,1157.86,C1237762639
PAYMENT,671.64,C2033524545
TRANSFER,215310.3,C1670993182
PAYMENT,1373.43,C20804602
DEBIT,9302.79,C1566511282
DEBIT,1065.41,C1959239586
PAYMENT,3876.41,C504336483
TRANSFER,311685.89,C1984094095
PAYMENT,6061.13,C1043358826
PAYMENT,9478.39,C1671590089
PAYMENT,8009.09,C1053967012
PAYMENT,8901.99,C1632497828
PAYMENT,9920.52,C764826684
PAYMENT,3448.92,C2103763750
PAYMENT,4206.84,C215078753
PAYMENT,5885.56,C840514538
PAYMENT,5307.88,C1768242710
PAYMENT,5031.22,C247113419
PAYMENT,24213.67,C1238616099
PAYMENT,8603.42,C1608633989
PAYMENT,2791.42,C923341586
PAYMENT,7413.54,C1470868839
PAYMENT,3295.19,C711197015
PAYMENT,1684.81,C1481594086
DEBIT,5758.59,C1466917878
CASH_OUT,110414.71,C768216420
PAYMENT,7823.46,C260084831
PAYMENT,5086.48,C598357562
PAYMENT,5281.48,C1440738283
PAYMENT,13875.98,C484199463
CASH_OUT,56953.9,C1570470538
CASH_OUT,5346.89,C512549200
PAYMENT,2204.04,C1615801298
PAYMENT,2641.47,C460570271
CASH_OUT,23261.3,C2072313080
PAYMENT,2330.64,C816944408
PAYMENT,1614.64,C912966811
PAYMENT,9164.71,C1458621573
PAYMENT,2970.97,C46941357
PAYMENT,38.66,C343345308
PAYMENT,2252.44,C104716441
TRANSFER,62610.8,C1976401987
DEBIT,5529.13,C867288517
CASH_OUT,82940.31,C1528834618
DEBIT,4510.22,C280615803
DEBIT,8727.74,C166694583
PAYMENT,2599.46,C885910946
DEBIT,4874.49,C811207775
PAYMENT,6440.78,C1161148117
PAYMENT,4910.14,C1131592118
PAYMENT,6444.64,C1262609629
DEBIT,5149.66,C1955990522
PAYMENT,7292.16,C69673470
CASH_OUT,47458.86,C527211736
CASH_OUT,136872.92,C1533123860
CASH_OUT,94253.33,C1718906711
PAYMENT,2998.04,C71802912
PAYMENT,3454.08,C686349795
PAYMENT,4316.2,C1423768154
PAYMENT,2131.84,C1987977423
PAYMENT,12986.61,C807322507
TRANSFER,42712.39,C283039401
TRANSFER,77957.68,C207471778
TRANSFER,17231.46,C1243171897
TRANSFER,78766.03,C1376151044
TRANSFER,224606.64,C873175411
TRANSFER,125872.53,C1443967876
TRANSFER,379856.23,C1449772539
TRANSFER,1505626.01,C926859124
TRANSFER,554026.99,C1603696865
TRANSFER,147543.1,C12905860
TRANSFER,761507.39,C412788346
TRANSFER,1429051.47,C1520267010
TRANSFER,358831.92,C908084672
TRANSFER,367768.4,C288306765
TRANSFER,209711.11,C1556867940
TRANSFER,583848.46,C1839168128
TRANSFER,1724887.05,C1495608502
TRANSFER,710544.77,C835773569
TRANSFER,581294.26,C843299092
TRANSFER,11996.58,C605982374
PAYMENT,2875.1,C1412322831
PAYMENT,8586.98,C1305004711
PAYMENT,871.75,C1003206025
PAYMENT,1035.36,C806813022
PAYMENT,1063.53,C1406206626
PAYMENT,1019.9,C1799230133
PAYMENT,4059.38,C20156341
PAYMENT,1876.44,C1509309988
CASH_OUT,28404.6,C2091072548
CASH_OUT,75405.1,C263053820
CASH_OUT,50101.88,C1740826931
CASH_OUT,14121.82,C69062746
CASH_OUT,78292.91,C1631227617
CASH_OUT,176149.9,C24650043
CASH_OUT,212228.35,C1896074070
CASH_OUT,85423.63,C460741164
CASH_OUT,11648.5,C781091365
PAYMENT,6165.58,C1858015030
PAYMENT,3705.83,C671596011
CASH_OUT,419801.4,C1687354037
CASH_OUT,335416.51,C743778731
PAYMENT,3372.29,C967323951
PAYMENT,661.43,C743648472
DEBIT,864.68,C1368862151
PAYMENT,1203.44,C922807452
TRANSFER,330757.04,C1494346128
PAYMENT,1915.43,C822087264
PAYMENT,8.73,C38603201
DEBIT,3058.8,C1694784135
PAYMENT,5154.97,C1207231495
PAYMENT,5213.25,C1221981006
PAYMENT,5392.75,C1878413714
PAYMENT,25.12,C1257299717
PAYMENT,17150.89,C181252244
TRANSFER,679502.24,C722417467
TRANSFER,177652.91,C753631393
PAYMENT,5443.26,C1262869688
PAYMENT,244.87,C544386226
PAYMENT,8281.57,C900298796
PAYMENT,1175.59,C1166106620
PAYMENT,1097.74,C221861886
TRANSFER,184986.8,C697508322
PAYMENT,1718.29,C603658030
PAYMENT,3671.32,C361380654
DEBIT,3580.26,C1579132337
PAYMENT,8550.9,C1795225096
PAYMENT,9753.55,C1048712791
PAYMENT,3026.98,C1909398279
CASH_OUT,467177.03,C1338905451
DEBIT,3875.99,C1252540239
PAYMENT,2148.89,C1136005694
PAYMENT,466.97,C426019904
CASH_OUT,154139.72,C1642679791
CASH_OUT,82685.93,C855700733
CASH_OUT,83857.23,C247162961
CASH_OUT,99109.77,C1890266440
CASH_OUT,187726.67,C1527152775
CASH_OUT,281339.92,C1863655430
CASH_OUT,186447.51,C976827477
CASH_OUT,81029.86,C324112183
CASH_OUT,139054.95,C2092709730
CASH_OUT,154716.2,C980364771
CASH_OUT,53631.83,C1233595751
CASH_OUT,289645.52,C1446001495
CASH_OUT,267148.82,C1261044180
CASH_OUT,47913.58,C141110631
CASH_OUT,193605.38,C2029372696
CASH_OUT,344464.4,C793293778
CASH_OUT,169409.87,C888611662
CASH_OUT,25793.74,C1966355106
CASH_OUT,114712.48,C599782425
CASH_OUT,89038.75,C1233327519
CASH_OUT,1341.58,C1155769010
CASH_OUT,44443.08,C269892014
CASH_OUT,34729.64,C1280641161
CASH_OUT,105979.34,C489411441
CASH_OUT,57794.61,C1141113940
CASH_OUT,15918.79,C1711185459
CASH_OUT,19162.08,C25936709
CASH_OUT,220691.42,C1123559518
CASH_OUT,9536.54,C649769713
CASH_OUT,29784.06,C925150995
CASH_OUT,190445.51,C1760219993
CASH_OUT,57279.11,C1800649922
CASH_OUT,112086.81,C403547747
CASH_OUT,80311.89,C172215878
CASH_OUT,151829.91,C873309260
CASH_OUT,26004.52,C1112456099
CASH_OUT,3146.16,C923083575
CASH_OUT,296752.75,C589363823
CASH_OUT,191702.06,C2052457859
CASH_OUT,365510.05,C1299327689
CASH_OUT,202332.08,C1408279755
CASH_OUT,55105.9,C2007486296
CASH_OUT,171508.59,C1033348658
CASH_OUT,178439.26,C1634723627
CASH_OUT,88834.86,C938463537
CASH_OUT,210370.09,C2121995675
CASH_OUT,36437.06,C2120063568
CASH_OUT,82691.56,C1620409359
CASH_OUT,338767.1,C691691381
CASH_OUT,187728.59,C264978436
CASH_OUT,271002.7,C500618423
CASH_OUT,323105.08,C1458091526
CASH_OUT,10782.94,C768776793
CASH_OUT,89962.11,C2018260103
CASH_OUT,101940.14,C1393828949
CASH_OUT,163100.34,C1088417975
CASH_OUT,136030.66,C2036775591
CASH_OUT,68912.23,C1620529408
CASH_OUT,73464.06,C307488715
CASH_OUT,106117.28,C758572926
CASH_OUT,503333.79,C1640612861
CASH_OUT,71991.42,C990679445
CASH_OUT,91379.93,C913065088
CASH_OUT,26759.05,C746280996
CASH_OUT,128487.35,C50503805
CASH_OUT,252908.87,C1557989809
CASH_OUT,64489.64,C146874094
CASH_OUT,171369.73,C2123222442
PAYMENT,4493.29,C1746570062
PAYMENT,12121.5,C1544078442
PAYMENT,2278.19,C1887699190
PAYMENT,7707.44,C1108889615
PAYMENT,4013.02,C455888635
PAYMENT,5775.15,C204322447
PAYMENT,4843.93,C1164365897
PAYMENT,2397.82,C3565780
PAYMENT,4391.44,C1865219266
DEBIT,4497.87,C1278002745
PAYMENT,7452.89,C214649627
PAYMENT,3930.81,C15477956
CASH_OUT,71532.24,C2082351661
CASH_OUT,61159.51,C859690270
CASH_OUT,12401.9,C1389774257
CASH_OUT,32702.61,C553759818
PAYMENT,6926.67,C751021317
PAYMENT,893.57,C294658299
TRANSFER,480222.51,C201677908
PAYMENT,3608.41,C635611994
PAYMENT,5946.79,C1930903395
PAYMENT,6099.96,C1700721442
PAYMENT,372.34,C872522004
PAYMENT,4635.18,C1110698130
PAYMENT,1267.97,C1053632127
PAYMENT,6911.99,C89509666
PAYMENT,1795.67,C1016856028
PAYMENT,3199.06,C832292933
PAYMENT,10265.17,C792855998
PAYMENT,9029.12,C1003755748
PAYMENT,7600.57,C1805164661
PAYMENT,2057.71,C896138248
PAYMENT,3823.08,C243575009
TRANSFER,2806,C1420196421
CASH_OUT,2806,C2101527076
PAYMENT,6737.2,C1454026445
PAYMENT,9161.98,C892931811
PAYMENT,1239.06,C1574873161
PAYMENT,365,C600958416
PAYMENT,5237.54,C1492875057
PAYMENT,2618.76,C1068945248
PAYMENT,339.82,C882646447
DEBIT,1393.46,C79290250
PAYMENT,2731.37,C1586151649
PAYMENT,8364.73,C1767230265
PAYMENT,6598.71,C727666004
PAYMENT,4304.58,C414225167
PAYMENT,2867.14,C975033189
PAYMENT,2946.38,C628064884
PAYMENT,507.12,C1389509050
PAYMENT,3020.86,C1761217448
PAYMENT,8948.03,C788905599
CASH_OUT,280877.92,C1544614339
PAYMENT,1084.9,C2059592603
PAYMENT,9456.69,C1688782916
PAYMENT,5812.36,C1390301622
TRANSFER,157883.07,C973936431
PAYMENT,2734.77,C1756207614
CASH_OUT,102153.86,C2015301874
PAYMENT,584.52,C712627377
PAYMENT,6113.14,C399373008
CASH_OUT,369989.2,C1936550492
CASH_OUT,215338.28,C594651850
CASH_OUT,65521.42,C1532139270
CASH_OUT,116977.58,C1677568775
CASH_OUT,262392.36,C2069500590
CASH_OUT,51121.05,C1431556341
CASH_OUT,202624.59,C452364286
CASH_OUT,118235.16,C350069300
CASH_OUT,118056.71,C1060703587
CASH_OUT,498960.91,C1957078537
CASH_OUT,691738.36,C1514214932
CASH_OUT,58820.08,C594858858
PAYMENT,4419.04,C1423016050
PAYMENT,4270.02,C1202042637
PAYMENT,3007.83,C440736059
PAYMENT,1824.59,C1384563514
PAYMENT,993.46,C1548946718
CASH_OUT,302693.14,C140404585
PAYMENT,1445.06,C207546206
PAYMENT,4059.25,C200404000
PAYMENT,3417.18,C191945292
DEBIT,3428.95,C1317375498
PAYMENT,5580.98,C1130346421
DEBIT,3455.85,C192428201
PAYMENT,7265.63,C1768882706
PAYMENT,3852.64,C472991420
PAYMENT,7870.29,C1202220987
DEBIT,12872.92,C425015667
PAYMENT,6675.34,C2075568954
CASH_OUT,410201.89,C1279740095
PAYMENT,13310.78,C2095677157
PAYMENT,664.35,C1943855334
PAYMENT,2130.3,C847320212
PAYMENT,7771.4,C1406848276
PAYMENT,36349.35,C785306763
PAYMENT,749.34,C1123236701
PAYMENT,2340.34,C79161706
PAYMENT,9686.85,C1057468716
PAYMENT,15785.85,C1888924788
PAYMENT,9006.78,C1016633682
PAYMENT,9014.95,C1027319653
PAYMENT,14420.66,C1561745898
PAYMENT,4802.31,C424786033
PAYMENT,28527.44,C867093003
PAYMENT,4182.93,C1470911015
PAYMENT,4088.21,C244872973
PAYMENT,8491.9,C795748540
DEBIT,6666.78,C837073696
PAYMENT,6536.86,C416201381
CASH_OUT,40684.97,C1985938863
PAYMENT,1553.21,C1660325375
DEBIT,7344.92,C334593716
CASH_OUT,106267.21,C487416600
PAYMENT,5491.5,C1271041075
PAYMENT,3666.42,C1544895390
PAYMENT,5507.18,C1971991758
DEBIT,4565.14,C201274566
PAYMENT,11348.71,C354605216
TRANSFER,123179.97,C1447353473
PAYMENT,7073.6,C611289995
PAYMENT,2803.83,C1129433283
PAYMENT,106.81,C1810518740
PAYMENT,6297.71,C1547883191
PAYMENT,2610.01,C1528769018
PAYMENT,5320.1,C1089930529
PAYMENT,1460.63,C1429483328
TRANSFER,522264.81,C1927963027
DEBIT,3584.21,C833240229
PAYMENT,3704.97,C1167088639
PAYMENT,2773.61,C191568263
PAYMENT,3896.42,C751608431
PAYMENT,18781.84,C893640573
PAYMENT,6660.33,C893523498
TRANSFER,26923.42,C1108517064
TRANSFER,53783.57,C511354923
TRANSFER,80333.28,C992743048
TRANSFER,211075.91,C1540894701
TRANSFER,100677.86,C203149502
TRANSFER,473499.51,C1198197478
TRANSFER,1538200.39,C476579021
TRANSFER,2421578.09,C106297322
TRANSFER,1349670.68,C1419332030
TRANSFER,314403.14,C1262110193
TRANSFER,1457213.54,C396918327
TRANSFER,180368.84,C1055601039
TRANSFER,445038.71,C547441493
TRANSFER,1123206.66,C967677821
DEBIT,996,C1839206329
TRANSFER,176334.26,C169880779
TRANSFER,161217.61,C552674617
TRANSFER,108443.61,C1974622245
TRANSFER,75442.68,C402808045
TRANSFER,55536.86,C332365138
TRANSFER,438437.09,C977160959
TRANSFER,928722.69,C1563053805
TRANSFER,1478772.04,C1464177809
TRANSFER,2545478.01,C1057507014
TRANSFER,2061082.82,C2007599722
TRANSFER,983479.66,C2029780820
TRANSFER,635507.97,C65080774
TRANSFER,848231.57,C2116179210
TRANSFER,739112.93,C1172535934
TRANSFER,324397.94,C1648700617
TRANSFER,982862.81,C1765900922
TRANSFER,955855,C94830685
TRANSFER,179253.24,C1539947037
PAYMENT,5446.88,C270661321
PAYMENT,648.64,C1217312754
PAYMENT,8494.71,C1099552523
CASH_OUT,373068.26,C1047934137
CASH_IN,143236.26,C1862994526
CASH_IN,228451.89,C1614133563
CASH_IN,35902.49,C839771540
CASH_IN,232953.64,C1037163664
CASH_IN,65912.95,C180316302
CASH_IN,193492.68,C1200546947
CASH_IN,60836.64,C443713699
CASH_IN,62325.15,C695530017
CASH_IN,349640.51,C1493042329
CASH_IN,135324.19,C1751403001
CASH_IN,380015.14,C1717433286
CASH_IN,418688.27,C1756819670
CASH_IN,311023.52,C1078262677
CASH_IN,151862.38,C178604517
CASH_IN,228710.05,C57624756
CASH_IN,220431.09,C1543518287
CASH_IN,182861.45,C998242313
CASH_IN,231881.5,C464872674
CASH_IN,38071.17,C1659286984
CASH_IN,87117.29,C1064905627
CASH_IN,114271.72,C2072130509
CASH_IN,73199.1,C1260440107
CASH_IN,764772.98,C482307698
CASH_IN,106847.36,C1793899405
CASH_IN,6287.28,C1765702
CASH_IN,24936.34,C1302725372
CASH_IN,55837.16,C713898436
CASH_IN,63255.29,C632475595
CASH_IN,104605.78,C1920305914
CASH_IN,154160.82,C263833514
CASH_IN,257348.03,C1278839936
CASH_IN,201073.81,C2143739483
CASH_IN,53560.68,C565881091
CASH_IN,334234.39,C1618984457
CASH_IN,227335.16,C1621254922
CASH_IN,134426.08,C702500163
CASH_IN,2643.45,C1574509514
CASH_IN,134977.11,C1087072654
CASH_IN,25090.03,C864221358
CASH_IN,147388.67,C1617174216
CASH_IN,217615.09,C1979080261
CASH_IN,355294.5,C1860886124
CASH_IN,12336.48,C1250499735
CASH_IN,349505.89,C173791568
CASH_IN,285185.34,C1293462056
CASH_IN,132953.45,C1966670937
CASH_IN,214851.41,C2002174925
CASH_IN,54988.56,C588449070
CASH_IN,62871.06,C735228558
CASH_IN,61150.85,C376725601
CASH_IN,131409.27,C1476235721
CASH_IN,10844.33,C1828508781
PAYMENT,2054.84,C1376017854
CASH_IN,313373.56,C1552870927
CASH_IN,13289.87,C1448805967
CASH_IN,27070.11,C641882263
CASH_IN,127954.7,C1930837320
CASH_IN,197031.04,C1489193907
CASH_IN,144366.64,C1453606810
CASH_IN,7965.49,C1645624121
CASH_IN,123103.74,C547923534
CASH_IN,106634.77,C1660223291
CASH_IN,74933.22,C379124840
CASH_IN,120234.99,C1157943921
CASH_IN,5763.99,C544966217
CASH_IN,156922.36,C1706272858
CASH_IN,162665.98,C882471736
CASH_IN,110226.34,C1475192960
CASH_IN,142577.44,C727197178
CASH_IN,6915.38,C1406253491
CASH_IN,157108.01,C749604930
CASH_IN,223555.14,C373097727
CASH_IN,146331.12,C2082509879
CASH_IN,141131.23,C576894497
CASH_IN,222711.47,C2123533871
CASH_IN,84980.31,C16148478
CASH_IN,628719.07,C2022689531
CASH_IN,79285.8,C1340848245
CASH_IN,57809.81,C635610193
CASH_IN,75043.17,C379121284
CASH_IN,248196.92,C281421502
CASH_IN,18851.44,C50072771
CASH_IN,403418.39,C848097505
CASH_IN,235564.81,C1672598778
CASH_IN,32325.24,C1122233828
CASH_IN,345347.7,C538667887
CASH_IN,355500.25,C1967496309
CASH_IN,103005.78,C406749219
CASH_IN,108803.98,C1173340685
CASH_IN,259753.27,C1045731788
CASH_IN,234094.24,C1739267143
CASH_IN,273305.73,C192456457
CASH_IN,186838.95,C817689537
CASH_IN,193161.04,C708613859
CASH_IN,152823.85,C365625031
CASH_IN,91457.82,C1531200408
CASH_IN,277807.48,C212963786
CASH_IN,8679.13,C1123321137
CASH_IN,2099.59,C685934
CASH_IN,221693.08,C2032909428
CASH_IN,206097.65,C2031377754
CASH_IN,22384.21,C523211332
CASH_IN,73210.99,C1280124872
CASH_IN,236747.6,C1747053097
CASH_IN,6284.18,C864326906
CASH_IN,100198.77,C1348115836
CASH_IN,160347.32,C1972143064
CASH_IN,289272.75,C312168418
CASH_IN,63189.26,C95369743
CASH_IN,196725.32,C26928827
PAYMENT,5882.32,C278476563
DEBIT,625.92,C615954678
PAYMENT,5937.72,C1926180325
PAYMENT,9796.29,C1594039997
PAYMENT,13449.95,C1170788511
PAYMENT,4749.6,C347091104
PAYMENT,6460.86,C1110195322
PAYMENT,3605.26,C226690498
PAYMENT,624.61,C1976602906
PAYMENT,3854.92,C1624351535
TRANSFER,420532.33,C582300198
PAYMENT,4402.86,C533415944
CASH_OUT,147804.02,C1086849943
PAYMENT,151.2,C1265053098
PAYMENT,58.21,C235370598
PAYMENT,5936.82,C2083217543
CASH_OUT,145944.67,C177104018
TRANSFER,7206.33,C478139423
DEBIT,5581.55,C997695567
DEBIT,5853.21,C2066892165
PAYMENT,2528.1,C48305285
PAYMENT,5655.17,C1714378342
PAYMENT,1456.09,C93798665
PAYMENT,4252.82,C519303080
TRANSFER,276460.62,C1871680329
PAYMENT,8811.67,C1976166251
PAYMENT,12666.68,C1547398254
CASH_OUT,95636.49,C1979055448
CASH_OUT,195314.34,C934740803
PAYMENT,6049.09,C812143047
PAYMENT,14306.8,C1215951090
PAYMENT,1117.34,C894421232
DEBIT,3179.7,C1182311147
PAYMENT,2880.68,C1531182070
PAYMENT,3060.54,C1491860739
PAYMENT,879.42,C534753234
PAYMENT,3486.78,C231725600
PAYMENT,21530.96,C259251414
PAYMENT,2426.31,C803893384
PAYMENT,5110.1,C1372422140
PAYMENT,207.75,C1288108586
PAYMENT,18437.04,C2054757222
PAYMENT,8690.69,C348132918
PAYMENT,4946.03,C1805443519
PAYMENT,5432.09,C1978504976
PAYMENT,7649.41,C1129869771
PAYMENT,3943.17,C2044337856
PAYMENT,3101.33,C422409467
TRANSFER,51719.13,C1659515968
PAYMENT,13465.91,C664091267
PAYMENT,19561.05,C1724814719
PAYMENT,9762.28,C1543146693
PAYMENT,9778.81,C1956415355
CASH_OUT,562903.81,C24039137
PAYMENT,5055.94,C992086987
PAYMENT,2858.89,C1244867001
PAYMENT,8531.42,C369805307
PAYMENT,84.22,C1100109058
CASH_OUT,227478.01,C1394010463
PAYMENT,5033.02,C1057307776
TRANSFER,100588.8,C1636588948
PAYMENT,9374.72,C95685867
PAYMENT,598.24,C494953170
PAYMENT,4531.55,C999647352
PAYMENT,2998.2,C677120200
PAYMENT,9269.99,C957923719
PAYMENT,1209.64,C1692073709
PAYMENT,1298.7,C1197498159
PAYMENT,7797,C500230084
PAYMENT,5831.03,C1028145537
PAYMENT,7067.9,C2078641942
PAYMENT,14895.51,C1527882132
PAYMENT,3316.21,C1626852381
PAYMENT,22276,C1193398802
PAYMENT,16505.51,C1171255580
PAYMENT,636.95,C1275009283
PAYMENT,2056.59,C1478995734
PAYMENT,704.74,C1456061400
PAYMENT,3222.32,C104261836
PAYMENT,11889.61,C351656492
PAYMENT,9491.89,C597364637
PAYMENT,6131.21,C1527086220
PAYMENT,11938.61,C1697281847
PAYMENT,4233.45,C737104370
PAYMENT,32643.79,C821405322
PAYMENT,622.15,C1328323494
PAYMENT,4573.12,C1408533352
PAYMENT,6057.8,C252615006
PAYMENT,5770.32,C1943750504
PAYMENT,9152.97,C176955204
DEBIT,12154.7,C1011044643
PAYMENT,8378.01,C1358857082
PAYMENT,9616.45,C2056234595
PAYMENT,2231.28,C2023917549
PAYMENT,4932.54,C1398260359
CASH_IN,65413.89,C2052223881
CASH_IN,98560.08,C1213871206
CASH_IN,15054.61,C628392976
CASH_IN,161632.16,C725832346
CASH_IN,47529.19,C1113895488
CASH_IN,9577.45,C1527007086
CASH_IN,414238.59,C1523649562
CASH_IN,89327.65,C1807176280
CASH_IN,194900.16,C203819996
CASH_IN,24470.43,C1977618945
CASH_IN,217668.38,C662925691
CASH_IN,9067.51,C1995952705
CASH_IN,336827.91,C1244880808
CASH_IN,45317.95,C1060519157
CASH_IN,230021.01,C58890945
CASH_IN,154578.28,C1269773610
CASH_IN,314134.01,C464649704
CASH_IN,206405.92,C367967231
CASH_IN,158995.29,C36531985
CASH_IN,188238.54,C815336475
CASH_IN,21255.8,C609483101
CASH_IN,205955.77,C1149407083
CASH_IN,178370.36,C767436045
CASH_IN,42547.96,C1430199669
CASH_IN,15152.15,C1847431070
CASH_IN,39249.67,C1043639521
CASH_IN,101669.17,C1660837991
CASH_IN,81694.11,C1325866488
CASH_IN,10266.7,C1306794745
CASH_IN,35502.25,C1454171136
CASH_IN,183250,C1195396074
CASH_IN,219220.21,C811562535
CASH_IN,254895.5,C1560379655
CASH_IN,143148.97,C1824322115
CASH_IN,132457.52,C702999333
CASH_IN,148834.28,C1648582256
CASH_IN,106727.81,C865858182
CASH_IN,223123.71,C951988316
CASH_IN,194311.34,C647973805
CASH_IN,338964.91,C1591161296
CASH_IN,247575.4,C842331982
CASH_IN,29467.02,C2076249476
CASH_IN,90340.16,C660595570
CASH_IN,198847.32,C1088491512
CASH_IN,155075.41,C1434066477
CASH_IN,76932.89,C648315947
CASH_IN,92971.79,C2117642238
CASH_IN,7322.98,C913242382
CASH_IN,222126.95,C870322840
CASH_IN,62983.91,C837246227
CASH_IN,1271.77,C173738886
CASH_IN,246816.65,C1262237002
CASH_IN,21898.97,C2029754983
CASH_IN,30811.56,C1946111918
CASH_IN,100275.09,C564817260
CASH_IN,46630.53,C194415222
CASH_IN,158775.58,C798622145
CASH_IN,90556.08,C638695843
CASH_IN,173948.89,C1411543296
CASH_IN,66216.71,C1800967368
CASH_IN,216133.99,C338887787
CASH_IN,371883.82,C1061448687
CASH_IN,770537.37,C2015999862
CASH_IN,71275.47,C1467515503
CASH_IN,336298.77,C1533330615
CASH_IN,317393.38,C1197721383
CASH_IN,181002.01,C1917082298
CASH_IN,311449.38,C1639765351
CASH_IN,270824.42,C478209179
PAYMENT,1449.03,C1166230227
PAYMENT,3551.48,C307411297
CASH_OUT,227768.63,C1445424568
CASH_OUT,172986.7,C1374217958
PAYMENT,4940.2,C1459016715
PAYMENT,2755.96,C1530957251
DEBIT,8807.01,C767511741
DEBIT,3111.86,C548795052
PAYMENT,10040.52,C2143571436
DEBIT,5363,C691863815
PAYMENT,11990.19,C647149086
PAYMENT,266.88,C103787801
PAYMENT,1928.55,C1959451969
PAYMENT,10648.06,C1441328175
PAYMENT,962.43,C1831141281
PAYMENT,8348.1,C2000648320
PAYMENT,6969.67,C1114335860
TRANSFER,20128,C137533655
CASH_OUT,20128,C1118430673
PAYMENT,154.87,C1527254842
DEBIT,4040.84,C1800693087
PAYMENT,6490.17,C1717473929
PAYMENT,1101.09,C1868578441
DEBIT,4347.78,C890160158
CASH_OUT,213922.13,C1768127248
CASH_OUT,83859.59,C119112899
CASH_OUT,33269.25,C375074687
CASH_OUT,51749.94,C1429616542
CASH_OUT,86410.3,C662666707
CASH_OUT,10856.63,C1821100643
CASH_OUT,161613.93,C593768538
CASH_OUT,244361.81,C1191864687
CASH_OUT,596617.87,C466032056
CASH_OUT,108600.78,C690822257
CASH_OUT,377520.94,C726212590
CASH_OUT,60758.42,C1058822905
CASH_OUT,86204.31,C475394679
CASH_OUT,1234,C1574615832
CASH_OUT,18288.91,C1049590050
CASH_OUT,248979.22,C1662592920
CASH_OUT,126774.5,C1357686726
CASH_OUT,38428.19,C1491522744
CASH_OUT,109732.52,C501608687
CASH_OUT,17851.54,C929706284
CASH_OUT,5223.97,C42820240
CASH_OUT,63807.17,C1822434669
CASH_OUT,406297.68,C1592840862
PAYMENT,4779.93,C955611965
TRANSFER,16631.14,C1021565761
PAYMENT,2771.16,C1692375649
PAYMENT,3154.06,C237373286
PAYMENT,7813.63,C883521348
PAYMENT,360.13,C2086068243
CASH_OUT,431381.17,C1076202543
TRANSFER,43670.84,C749486981
PAYMENT,7342.63,C1731295355
PAYMENT,7417.09,C2061440682
PAYMENT,8865.26,C1488946768
CASH_OUT,213490.87,C1907241392
PAYMENT,7444.4,C1269118128
CASH_OUT,287265.38,C739264372
CASH_OUT,416001.33,C749981943
PAYMENT,6432.26,C1313960293
PAYMENT,8690.86,C1785111044
PAYMENT,3791.28,C494894055
PAYMENT,4111.34,C500885941
PAYMENT,7163.9,C616412281
PAYMENT,6557.51,C878861517
PAYMENT,17348.25,C1705665942
PAYMENT,1586.28,C1100619942
PAYMENT,6811.97,C864248990
PAYMENT,36651.07,C15892131
PAYMENT,4804.68,C879311295
PAYMENT,19375.5,C1483145520
PAYMENT,13833.75,C163385254
PAYMENT,21008.52,C970781872
PAYMENT,22043.92,C258737099
PAYMENT,32635.14,C407997647
PAYMENT,11438.39,C1988939205
PAYMENT,13527.16,C275056979
PAYMENT,11881.78,C371976476
PAYMENT,9805.46,C480184864
PAYMENT,9470.85,C483525032
PAYMENT,20560.86,C429058804
PAYMENT,13679.84,C52913970
PAYMENT,15448,C836969741
PAYMENT,1987.4,C567852222
PAYMENT,4145.04,C1938025186
PAYMENT,3511.45,C2088582214
PAYMENT,1118.1,C1220759559
PAYMENT,15.06,C1730337646
CASH_IN,352568.35,C1256405521
PAYMENT,3043.27,C2051598050
PAYMENT,9758.09,C61426020
PAYMENT,5924.89,C1829460911
PAYMENT,9550.43,C708153797
PAYMENT,4355.66,C54960993
DEBIT,6973.12,C373544591
PAYMENT,2358.63,C409565350
DEBIT,374.36,C1210939243
PAYMENT,8946.63,C1079125839
PAYMENT,20573.4,C696165690
PAYMENT,8358.12,C1542598424
PAYMENT,1006.76,C2054451662
PAYMENT,10498.05,C1659309731
TRANSFER,463722.76,C1734184086
TRANSFER,138857.19,C1947941827
PAYMENT,5184.9,C785625589
PAYMENT,3626.96,C1758893871
PAYMENT,282.42,C1985028494
DEBIT,8703.54,C1832283291
PAYMENT,3673.1,C1532554556
PAYMENT,9800.58,C976358110
CASH_OUT,88987.11,C2014563089
PAYMENT,4227.19,C198098993
PAYMENT,2881.51,C854653864
PAYMENT,4376.46,C703555670
PAYMENT,11656.12,C1068445309
TRANSFER,345698.98,C1453062635
PAYMENT,3292.21,C1632789609
PAYMENT,7367.06,C124494140
PAYMENT,2937.34,C2083854344
DEBIT,1150.14,C1119242936
PAYMENT,3563.36,C2123914473
PAYMENT,2380.46,C1091234211
PAYMENT,2266.02,C224060798
TRANSFER,32132.45,C2116299597
TRANSFER,51627.39,C50720817
TRANSFER,62073.54,C1496220730
TRANSFER,13614.91,C488600086
TRANSFER,2290.73,C1111379131
TRANSFER,637161,C1846982837
TRANSFER,639378.37,C1135935001
TRANSFER,34390.85,C635288507
TRANSFER,1867849.02,C355885103
TRANSFER,1193410.46,C1321115948
TRANSFER,348186.2,C706665172
TRANSFER,1440296.14,C1649847375
TRANSFER,799483.57,C1153933106
TRANSFER,969631.31,C2144067911
TRANSFER,483544.3,C593447952
TRANSFER,326349.91,C1950136544
DEBIT,7546.88,C209360730
PAYMENT,2469.75,C740007499
DEBIT,1741.24,C1687627235
PAYMENT,553.25,C1007660652
PAYMENT,6606.31,C1387620926
PAYMENT,2075.94,C1324173038
TRANSFER,84212.94,C1336775847
CASH_OUT,312108.51,C1196963249
PAYMENT,1647.93,C1663488386
PAYMENT,3533.32,C1902801188
PAYMENT,7659.86,C577127077
PAYMENT,7203.07,C1556162268
CASH_OUT,116206.75,C1924990666
CASH_OUT,30331.38,C144445623
PAYMENT,2063.77,C1572745406
PAYMENT,3035.35,C1434015813
CASH_OUT,123797.1,C295640874
DEBIT,8233.25,C438151297
PAYMENT,2271.34,C96039159
PAYMENT,3801.74,C375097969
PAYMENT,1530.83,C788892554
PAYMENT,4833.96,C1060042118
PAYMENT,5842.61,C1992801971
PAYMENT,2871.89,C754527431
DEBIT,5297.36,C2064883371
TRANSFER,621561.65,C82275756
PAYMENT,829.07,C1629353699
PAYMENT,3418.07,C1651754404
CASH_OUT,41924.75,C1407324654
CASH_OUT,173597.57,C1101598632
CASH_OUT,77642.84,C1032568028
CASH_OUT,144964.23,C1380976928
CASH_OUT,94038.9,C293474277
CASH_OUT,26051.33,C413373997
CASH_OUT,134143.27,C2024711353
CASH_OUT,497424.19,C711310213
CASH_OUT,607616.73,C1267042315
CASH_OUT,681093.57,C1335061928
CASH_OUT,114057.61,C1108706191
CASH_OUT,205279.62,C1160487387
CASH_OUT,173512.93,C579447973
CASH_OUT,166817.98,C1990421361
CASH_OUT,113283.13,C407148497
CASH_OUT,179030.05,C16373883
CASH_OUT,94332,C1878700101
CASH_OUT,141111.15,C40875560
CASH_OUT,45756.23,C1042891691
CASH_OUT,6039.61,C1893563925
CASH_OUT,46261.02,C1251967187
CASH_OUT,312471.16,C901689694
CASH_OUT,195490.04,C1107204185
CASH_OUT,107308.84,C1523084197
CASH_OUT,48252.82,C1818747191
CASH_OUT,25674.03,C747870628
CASH_OUT,63830.49,C421191743
CASH_OUT,96178.8,C9844218
CASH_OUT,155122.86,C1403716230
CASH_OUT,171757.76,C1673916398
CASH_OUT,8809.04,C756080817
CASH_OUT,27320.2,C479734028
CASH_OUT,517915.91,C388802347
CASH_OUT,34629.16,C1541046463
CASH_OUT,94296.25,C1910896157
CASH_OUT,285360.06,C753426788
CASH_OUT,161445.91,C1586470445
CASH_OUT,386683.04,C1373577787
CASH_OUT,169854.57,C265577219
CASH_OUT,126167.7,C1624817884
CASH_OUT,152757.58,C1107579932
CASH_OUT,49661.18,C1784834205
CASH_OUT,73513.5,C1174586025
CASH_OUT,166335.32,C1627010197
CASH_OUT,234268.82,C4073506
CASH_OUT,306280.12,C2044825144
CASH_OUT,194620.68,C698747943
CASH_OUT,128278.74,C407493402
CASH_OUT,256773.54,C1774690057
CASH_OUT,105759.12,C480402503
CASH_OUT,59390.46,C100445376
CASH_OUT,131991.26,C1396385390
CASH_OUT,65025.3,C114414807
CASH_OUT,82054.36,C144699438
CASH_OUT,69708.79,C1751500625
CASH_OUT,9104.26,C1650955365
CASH_OUT,92553.64,C1788380050
CASH_OUT,66312.08,C493944943
CASH_OUT,142282.63,C1533547487
CASH_OUT,114499.14,C99770475
CASH_OUT,76635.24,C727250772
CASH_OUT,132574,C1052768296
CASH_OUT,39485.21,C626193099
CASH_OUT,236825.42,C859123506
CASH_OUT,327066.19,C1597742167
CASH_OUT,156819.6,C503595296
CASH_OUT,13136.44,C754072705
PAYMENT,4306.89,C908384914
PAYMENT,8309.52,C156199931
PAYMENT,5363.35,C612693043
PAYMENT,132.42,C307605969
PAYMENT,19644.08,C130166095
PAYMENT,895.24,C1623060829
PAYMENT,7641.08,C1373949107
PAYMENT,31188.22,C1230013344
PAYMENT,13954.75,C681639276
PAYMENT,10497.33,C1717739363
PAYMENT,5843.75,C665137804
PAYMENT,7260.2,C1815370847
PAYMENT,10285.86,C1709578324
PAYMENT,6249.78,C1338958728
PAYMENT,848.74,C988904418
PAYMENT,6993.7,C938613108
PAYMENT,795.29,C1850874910
PAYMENT,9191.46,C97901029
CASH_OUT,132038.41,C1324514662
PAYMENT,6495.27,C908722588
PAYMENT,1679.68,C1548271808
TRANSFER,47477.97,C1733056574
DEBIT,1260.62,C636959006
PAYMENT,15034.23,C1059300256
PAYMENT,3238.39,C1605988985
CASH_OUT,251241.14,C1636178473
PAYMENT,3644.12,C822232612
CASH_OUT,283123.48,C852190062
PAYMENT,2851.83,C1674403916
CASH_IN,94726.64,C61137731
PAYMENT,17020.69,C1780293706
PAYMENT,6523.19,C1264941544
PAYMENT,1383.56,C1818449913
DEBIT,1580.66,C961859592
PAYMENT,2466.95,C798278875
PAYMENT,1017.85,C1926027290
PAYMENT,2270.41,C1690050988
CASH_OUT,102265.88,C1562764987
DEBIT,13758.63,C216376974
CASH_IN,5221.77,C164714495
PAYMENT,12256.66,C789982400
PAYMENT,8227.3,C2080643905
PAYMENT,527.15,C1627883152
PAYMENT,950.25,C1076966140
PAYMENT,12728.46,C749443480
PAYMENT,1002.96,C1721045976
PAYMENT,6917.1,C1250582716
PAYMENT,1977.17,C2019157894
PAYMENT,9314.84,C827035437
PAYMENT,1157.05,C1360541835
DEBIT,3766.99,C2021053848
PAYMENT,3464.41,C1245593227
CASH_OUT,68662.06,C118555812
DEBIT,8679.29,C1233505227
PAYMENT,15266.05,C1928621590
PAYMENT,8348.75,C858423246
PAYMENT,8419.73,C88301993
PAYMENT,6688.74,C1377301456
PAYMENT,1979.94,C691779749
PAYMENT,9574.31,C1873121466
PAYMENT,5287.68,C1927499639
PAYMENT,10627.18,C949673757
PAYMENT,5809.78,C532677950
TRANSFER,411363.54,C1200048933
PAYMENT,4086.5,C862025017
PAYMENT,19741.22,C1572127577
PAYMENT,5270.72,C417797183
CASH_IN,55827.09,C1959708563
CASH_OUT,174068.82,C1877986974
TRANSFER,1277212.77,C1334405552
CASH_OUT,1277212.77,C467632528
CASH_IN,24105.5,C422522663
PAYMENT,6854.06,C145066402
CASH_OUT,111899.09,C1800500978
PAYMENT,1231.79,C191310504
PAYMENT,3380.1,C247515192
DEBIT,2869.65,C1556520190
PAYMENT,1658.87,C701487403
PAYMENT,823.36,C2039984535
PAYMENT,7541.47,C1175418534
DEBIT,3635.93,C296541232
PAYMENT,1328.59,C1997357673
TRANSFER,56145.85,C26357357
PAYMENT,973.18,C1990733619
PAYMENT,619.24,C1958592872
DEBIT,300.41,C1395262169
TRANSFER,700967.19,C1629454900
PAYMENT,8354.27,C2075372030
DEBIT,5423.28,C2139168000
PAYMENT,708.59,C1653751526
PAYMENT,8358.81,C253348306
PAYMENT,2245.62,C194107588
PAYMENT,4593.59,C175595853
PAYMENT,399.66,C1241938981
PAYMENT,1617.9,C1004430079
PAYMENT,2167.26,C732597634
PAYMENT,9738.95,C2031927175
PAYMENT,3396.25,C1967617997
PAYMENT,6780.78,C925803196
